UserID,MovieID,MovieTitle
59,1947,West Side Story (1961)
59,1183,"English Patient, The (1996)"
59,1188,Strictly Ballroom (1992)
59,2067,Doctor Zhivago (1965)
59,750,Dr. Strangelove or: How I Learned to Stop Worrying and Love the Bomb (1963)
59,902,Breakfast at Tiffany's (1961)
59,903,Vertigo (1958)
59,905,It Happened One Night (1934)
59,908,North by Northwest (1959)
59,910,Some Like It Hot (1959)
59,912,Casablanca (1942)
59,914,My Fair Lady (1964)
59,919,"Wizard of Oz, The (1939)"
59,2406,Romancing the Stone (1984)
59,2336,Elizabeth (1998)
59,938,Gigi (1958)
59,950,"Thin Man, The (1934)"
59,953,It's a Wonderful Life (1946)
59,955,Bringing Up Baby (1938)
59,969,"African Queen, The (1951)"
934,1,Toy Story (1995)
934,1265,Groundhog Day (1993)
934,745,"Close Shave, A (1995)"
934,908,North by Northwest (1959)
934,923,Citizen Kane (1941)
934,1148,"Wrong Trousers, The (1993)"
934,3114,Toy Story 2 (1999)
934,3178,"Hurricane, The (1999)"
934,2384,Babe: Pig in the City (1998)
934,2571,"Matrix, The (1999)"
934,34,Babe (1995)
934,377,Speed (1994)
934,3751,Chicken Run (2000)
934,1097,E.T. the Extra-Terrestrial (1982)
934,2059,"Parent Trap, The (1998)"
934,1259,Stand by Me (1986)
934,589,Terminator 2: Judgment Day (1991)
934,3948,Meet the Parents (2000)
934,1408,"Last of the Mohicans, The (1992)"
934,2065,"Purple Rose of Cairo, The (1985)"
1685,3007,American Movie (1999)
1685,1271,Fried Green Tomatoes (1991)
1685,2236,Simon Birch (1998)
1685,919,"Wizard of Oz, The (1939)"
1685,930,Notorious (1946)
1685,3210,Fast Times at Ridgemont High (1982)
1685,2289,"Player, The (1992)"
1685,3260,Howards End (1992)
1685,2463,Ruthless People (1986)
1685,2474,"Color of Money, The (1986)"
1685,230,Dolores Claiborne (1994)
1685,1883,Bulworth (1998)
1685,3499,Misery (1990)
1685,2858,American Beauty (1999)
1685,1124,On Golden Pond (1981)
1685,1131,Jean de Florette (1986)
1685,2871,Deliverance (1972)
1685,1132,Manon of the Spring (Manon des sources) (1986)
1685,1161,"Tin Drum, The (Blechtrommel, Die) (1979)"
1685,1189,"Thin Blue Line, The (1988)"
2266,1271,Fried Green Tomatoes (1991)
2266,3408,Erin Brockovich (2000)
2266,2686,"Red Violin, The (Le Violon rouge) (1998)"
2266,2324,Life Is Beautiful (La Vita è bella) (1997)
2266,3155,Anna and the King (1999)
2266,1721,Titanic (1997)
2266,2571,"Matrix, The (1999)"
2266,2762,"Sixth Sense, The (1999)"
2266,514,"Ref, The (1994)"
2266,527,Schindler's List (1993)
2266,539,Sleepless in Seattle (1993)
2266,1249,Nikita (La Femme Nikita) (1990)
2266,2996,Music of the Heart (1999)
2266,2997,Being John Malkovich (1999)
2266,1266,Unforgiven (1992)
2266,590,Dances with Wolves (1990)
2266,593,"Silence of the Lambs, The (1991)"
2266,781,Stealing Beauty (1996)
2266,2268,"Few Good Men, A (1992)"
2266,1617,L.A. Confidential (1997)
3159,1257,Better Off Dead... (1985)
3159,2997,Being John Malkovich (1999)
3159,3000,"Princess Mononoke, The (Mononoke Hime) (1997)"
3159,745,"Close Shave, A (1995)"
3159,1282,Fantasia (1940)
3159,750,Dr. Strangelove or: How I Learned to Stop Worrying and Love the Bomb (1963)
3159,1285,Heathers (1989)
3159,1288,This Is Spinal Tap (1984)
3159,3033,Spaceballs (1987)
3159,912,Casablanca (1942)
3159,919,"Wizard of Oz, The (1939)"
3159,778,Trainspotting (1996)
3159,2657,"Rocky Horror Picture Show, The (1975)"
3159,2804,"Christmas Story, A (1983)"
3159,2692,Run Lola Run (Lola rennt) (1998)
3159,2858,American Beauty (1999)
3159,1148,"Wrong Trousers, The (1993)"
3159,475,In the Name of the Father (1993)
3159,1197,"Princess Bride, The (1987)"
3159,1199,Brazil (1985)
3387,1250,"Bridge on the River Kwai, The (1957)"
3387,1267,"Manchurian Candidate, The (1962)"
3387,750,Dr. Strangelove or: How I Learned to Stop Worrying and Love the Bomb (1963)
3387,260,Star Wars: Episode IV - A New Hope (1977)
3387,1104,"Streetcar Named Desire, A (1951)"
3387,2858,American Beauty (1999)
3387,858,"Godfather, The (1972)"
3387,2360,"Celebration, The (Festen) (1998)"
3387,111,Taxi Driver (1976)
3387,307,Three Colors: Blue (1993)
3387,318,"Shawshank Redemption, The (1994)"
3387,50,"Usual Suspects, The (1995)"
3387,3730,"Conversation, The (1974)"
3387,1221,"Godfather: Part II, The (1974)"
3387,1248,Touch of Evil (1958)
3387,1249,Nikita (La Femme Nikita) (1990)
3387,1252,Chinatown (1974)
3387,2997,Being John Malkovich (1999)
3387,589,Terminator 2: Judgment Day (1991)
3387,1,Toy Story (1995)
3414,2989,For Your Eyes Only (1981)
3414,2990,Licence to Kill (1989)
3414,2993,Thunderball (1965)
3414,1270,Back to the Future (1985)
3414,1275,Highlander (1986)
3414,1287,Ben-Hur (1959)
3414,1291,Indiana Jones and the Last Crusade (1989)
3414,919,"Wizard of Oz, The (1939)"
3414,780,Independence Day (ID4) (1996)
3414,1610,"Hunt for Red October, The (1990)"
3414,3082,"World Is Not Enough, The (1999)"
3414,2640,Superman (1978)
3414,260,Star Wars: Episode IV - A New Hope (1977)
3414,3639,"Man with the Golden Gun, The (1974)"
3414,1101,Top Gun (1986)
3414,480,Jurassic Park (1993)
3414,653,Dragonheart (1996)
3414,1196,Star Wars: Episode V - The Empire Strikes Back (1980)
3414,1198,Raiders of the Lost Ark (1981)
3414,1356,Star Trek: First Contact (1996)
3732,2997,Being John Malkovich (1999)
3732,903,Vertigo (1958)
3732,1291,Indiana Jones and the Last Crusade (1989)
3732,904,Rear Window (1954)
3732,912,Casablanca (1942)
3732,922,Sunset Blvd. (a.k.a. Sunset Boulevard) (1950)
3732,930,Notorious (1946)
3732,953,It's a Wonderful Life (1946)
3732,969,"African Queen, The (1951)"
3732,260,Star Wars: Episode IV - A New Hope (1977)
3732,296,Pulp Fiction (1994)
3732,2858,American Beauty (1999)
3732,608,Fargo (1996)
3732,3836,Kelly's Heroes (1970)
3732,1196,Star Wars: Episode V - The Empire Strikes Back (1980)
3732,1198,Raiders of the Lost Ark (1981)
3732,3897,Almost Famous (2000)
3732,2324,Life Is Beautiful (La Vita è bella) (1997)
3732,2762,"Sixth Sense, The (1999)"
3732,1210,Star Wars: Episode VI - Return of the Jedi (1983)
4965,3147,"Green Mile, The (1999)"
4965,3510,Frequency (2000)
4965,10,GoldenEye (1995)
4965,3578,Gladiator (2000)
4965,733,"Rock, The (1996)"
4965,780,Independence Day (ID4) (1996)
4965,2628,Star Wars: Episode I - The Phantom Menace (1999)
4965,457,"Fugitive, The (1993)"
4965,480,Jurassic Park (1993)
4965,3753,"Patriot, The (2000)"
4965,2028,Saving Private Ryan (1998)
4965,2,Jumanji (1995)
4965,2094,"Rocketeer, The (1991)"
4965,3082,"World Is Not Enough, The (1999)"
4965,2490,Payback (1999)
4965,1876,Deep Impact (1998)
4965,292,Outbreak (1995)
4965,2858,American Beauty (1999)
4965,648,Mission: Impossible (1996)
4965,2167,Blade (1998)
5151,2858,American Beauty (1999)
5151,1407,Scream (1996)
5151,3052,Dogma (1999)
5151,3081,Sleepy Hollow (1999)
5151,260,Star Wars: Episode IV - A New Hope (1977)
5151,2161,"NeverEnding Story, The (1984)"
5151,2167,Blade (1998)
5151,1215,Army of Darkness (1993)
5151,2959,Fight Club (1999)
5151,1258,"Shining, The (1980)"
5151,2628,Star Wars: Episode I - The Phantom Menace (1999)
5151,1347,"Nightmare on Elm Street, A (1984)"
5151,2396,Shakespeare in Love (1998)
5151,3752,"Me, Myself and Irene (2000)"
5151,1073,Willy Wonka and the Chocolate Factory (1971)
5151,253,Interview with the Vampire (1994)
5151,3481,High Fidelity (2000)
5151,3499,Misery (1990)
5151,2140,"Dark Crystal, The (1982)"
5151,2174,Beetlejuice (1988)
